<?xml version="1.0" encoding="UTF-8"?>
<beans xmlns="http://www.springframework.org/schema/beans"
       xmlns:xsi="http://www.w3.org/2001/XMLSchema-instance"
       xsi:schemaLocation="http://www.springframework.org/schema/beans
        http://www.springframework.org/schema/beans/spring-beans.xsd">
    <!-- 引入service配置 -->
    <import resource="classpath:application-service.xml"/>

    <!-- 注册自定义Job类 -->
    <bean id="clearJob" class="com.job.ClearImgJob"/>

    <!-- 注册JobDetail,作用是负责通过反射调用指定的Job -->
    <bean id="jobDetail" class="org.springframework.scheduling.quartz.MethodInvokingJobDetailFactoryBean">
        <!-- 注入job对象 -->
        <property name="targetObject" ref="clearJob"/>
        <!-- 注入执行方法 -->
        <property name="targetMethod" value="clearImg"/>
    </bean>

    <!-- 注册一个触发器，指定任务触发的时间 -->
    <bean id="myTrigger" class="org.springframework.scheduling.quartz.CronTriggerFactoryBean">
        <!-- 注入JobDetail -->
        <property name="jobDetail" ref="jobDetail"/>
        <!-- 指定触发的时间，基于Cron表达式 -->
        <property name="cronExpression">
            <value>0/30 * * * * ? *</value>
        </property>
    </bean>

    <!-- 注册一个统一的调度工厂，通过这个调度工厂借助触发器调度任务 -->
    <bean id="scheduler" class="org.springframework.scheduling.quartz.SchedulerFactoryBean">
        <!-- 注入多个触发器 -->
        <property name="triggers">
            <list>
                <ref bean="myTrigger"/>
            </list>
        </property>
    </bean>
</beans>