<?xml version="1.0" encoding="UTF-8"?>
<beans xmlns="http://www.springframework.org/schema/beans"
       xmlns:xsi="http://www.w3.org/2001/XMLSchema-instance"
       xmlns:context="http://www.springframework.org/schema/context"
       xmlns:tx="http://www.springframework.org/schema/tx"
       xmlns:aop="http://www.springframework.org/schema/aop"
       xmlns:mvc="http://www.springframework.org/schema/mvc"
       xsi:schemaLocation="http://www.springframework.org/schema/beans
        http://www.springframework.org/schema/beans/spring-beans.xsd
        http://www.springframework.org/schema/context
        http://www.springframework.org/schema/context/spring-context.xsd
        http://www.springframework.org/schema/tx
        http://www.springframework.org/schema/tx/spring-tx.xsd
        http://www.springframework.org/schema/aop
        http://www.springframework.org/schema/aop/spring-aop.xsd
        http://www.springframework.org/schema/mvc
        http://www.springframework.org/schema/mvc/spring-mvc.xsd">
    <!-- 引入spring-mybatis整合配置文件 -->
    <import resource="application-mybatis.xml"/>

    <!-- 配置事务管理者 适用于mybatis-->
    <bean id="transactionManager" class="org.springframework.jdbc.datasource.DataSourceTransactionManager">
        <property name="dataSource" ref="dataSource"/>
    </bean>

   <!-- 配置事务切入点 -->
    <aop:config>
        <aop:pointcut id="tx" expression="execution(public * *..service.*.*(..))"/>
        <aop:advisor advice-ref="transactionInterceptor" pointcut-ref="tx"/>
    </aop:config>
    <!-- 配置事务通知 -->
    <tx:advice id="transactionInterceptor" transaction-manager="transactionManager">
        <tx:attributes>
            <tx:method name="transaction" rollback-for="java.lang.Exception"/>
        </tx:attributes>
    </tx:advice>

    <!-- 事务注解驱动
    <tx:annotation-driven transaction-manager="transactionManager"/>
    -->

</beans>