<?xml version="1.0" encoding="UTF-8"?>
<beans xmlns="http://www.springframework.org/schema/beans"
       xmlns:xsi="http://www.w3.org/2001/XMLSchema-instance"
       xmlns:context="http://www.springframework.org/schema/context"
       xmlns:tx="http://www.springframework.org/schema/tx"
       xmlns:aop="http://www.springframework.org/schema/aop"
       xmlns:mvc="http://www.springframework.org/schema/mvc"
       xsi:schemaLocation="http://www.springframework.org/schema/beans
        http://www.springframework.org/schema/beans/spring-beans.xsd
        http://www.springframework.org/schema/context
        http://www.springframework.org/schema/context/spring-context.xsd
        http://www.springframework.org/schema/tx
        http://www.springframework.org/schema/tx/spring-tx.xsd
        http://www.springframework.org/schema/aop
        http://www.springframework.org/schema/aop/spring-aop.xsd
        http://www.springframework.org/schema/mvc
        http://www.springframework.org/schema/mvc/spring-mvc.xsd">
    <!-- 引入properties文件 -->
    <context:property-placeholder location="jdbc.properties"/>
    
    <beans>
        <!-- 配置数据源  引入HiKariCp连接池 -->
        <bean id="dataSource" class="com.zaxxer.hikari.HikariDataSource">
            <property name="username" value="${jdbc.username}"/>
            <property name="password" value="${jdbc.password}"/>
            <property name="jdbcUrl" value="${jdbc.url}"/>
            <property name="driverClassName" value="${jdbc.driver}"/>
        </bean>
        <!-- 配置sqlSessionFactory -->
        <bean id="sqlSessionFactory" class="org.mybatis.spring.SqlSessionFactoryBean">
            <property name="dataSource" ref="dataSource"/>
            <property name="typeAliasesPackage" value="com.bean"/>
        </bean>
        <!-- 注册扫描Dao接口 -->
        <bean class="org.mybatis.spring.mapper.MapperScannerConfigurer">
            <property name="sqlSessionFactoryBeanName" value="sqlSessionFactory"/>
            <property name="basePackage" value="com.dao"/>
        </bean>
    </beans>
</beans>