<application>
  <component name="ExportableFileTemplateSettings">
    <includes_templates>
      <template name="File Header.java" reformat="true" live-template-enabled="true" enabled="true" />
    </includes_templates>
    <internal_templates>
      <template name="XML Properties File.xml" reformat="true" live-template-enabled="true" enabled="true" />
    </internal_templates>
    <j2ee_templates>
      <template name="Filter Annotated Class.java" reformat="true" live-template-enabled="true" enabled="true" />
    </j2ee_templates>
    <default_templates>
      <template name="application.yml.yaml" reformat="true" live-template-enabled="true" />
      <template name="jdbc-mysql.properties" reformat="true" live-template-enabled="true" />
      <template name="log4j.properties" reformat="true" live-template-enabled="true" />
      <template name="mybatis-cfg.xml.xml" reformat="true" live-template-enabled="true" />
      <template name="mybatis-mapper.xml" reformat="true" live-template-enabled="true" />
      <template name="spring-cfg.xml.xml" reformat="true" live-template-enabled="true" />
      <template name="spring-mybatis.xml" reformat="true" live-template-enabled="true" />
      <template name="spring-tx.xml" reformat="true" live-template-enabled="true" />
      <template name="web.xml.xml" reformat="true" live-template-enabled="true" />
    </default_templates>
  </component>
</application>