<application>
  <component name="FileTypeManager" version="17">
    <extensionMap>
      <mapping ext="dat" type="CLASS" />
      <mapping ext="cfe" type="CoffeeScript" />
      <mapping pattern="image" type="Image" />
      <mapping pattern="txt" type="PLAIN_TEXT" />
      <mapping pattern="clientF" type="PLAIN_TEXT" />
      <mapping pattern="Student" type="PLAIN_TEXT" />
      <mapping pattern="client" type="PLAIN_TEXT" />
      <mapping pattern="server" type="PLAIN_TEXT" />
      <mapping pattern="a" type="PLAIN_TEXT" />
      <mapping ext="frm" type="PLAIN_TEXT" />
      <mapping ext="cfs" type="PLAIN_TEXT" />
      <mapping pattern="application" type="YAML" />
    </extensionMap>
  </component>
</application>