<application>
  <component name="ExternalResourceManagerImpl">
    <resource url="http://mybatis.org/dtd/mybatis-3-config.dtd" location="$USER_HOME$/AppData/Local/JetBrains/IntelliJIdea2020.1/extResources/69c70a2f_mybatis-3-config.dtd" />
    <resource url="http://mybatis.org/dtd/mybatis-3-mapper.dtd" location="$USER_HOME$/AppData/Local/JetBrains/IntelliJIdea2020.1/extResources/b36fadae_mybatis-3-mapper.dtd" />
    <resource url="http://www.springframework.org/schema/mvc/spring-mvc.xsd" location="$USER_HOME$/AppData/Local/JetBrains/IntelliJIdea2020.1/extResources/f7d22907_spring-mvc.xsd" />
    <resource url="http://www.springframework.org/schema/tx/spring-tx.xsd" location="$USER_HOME$/AppData/Local/JetBrains/IntelliJIdea2020.1/extResources/bc20ae51_spring-tx.xsd" />
    <resource url="https://www.springframework.org/schema/beans/spring-beans-4.3.xsd" location="$USER_HOME$/AppData/Local/JetBrains/IntelliJIdea2020.1/extResources/38fbf776_spring-beans-4.3.xsd" />
    <resource url="https://www.springframework.org/schema/tool/spring-tool-4.3.xsd" location="$USER_HOME$/AppData/Local/JetBrains/IntelliJIdea2020.1/extResources/93b79a08_spring-tool-4.3.xsd" />
  </component>
</application>