<application>
  <component name="ProjectManager">
    <defaultProject>
      <component name="CodeInsightWorkspaceSettings">
        <option name="optimizeImportsOnTheFly" value="true" />
      </component>
      <component name="Encoding" native2AsciiForPropertiesFiles="true" defaultCharsetForPropertiesFiles="UTF-8">
        <file url="PROJECT" charset="UTF-8" />
      </component>
      <component name="JUnitGeneratorProjectSettings">
        <option name="outputFilePattern" value="${SOURCEPATH}/../../test/java/${PACKAGE}/${FILENAME} " />
        <option name="selectedTemplateKey" value="JUnit 4" />
        <option name="vmTemplates">
          <map>
            <entry key="JUnit 3" value="######################################################################################## &#10;## &#10;## Available variables: &#10;##         $entryList.methodList - List of method composites &#10;##         $entryList.privateMethodList - List of private method composites &#10;##         $entryList.fieldList - ArrayList of class scope field names &#10;##         $entryList.className - class name &#10;##         $entryList.packageName - package name &#10;##         $today - Todays date in MM/dd/yyyy format &#10;## &#10;##            MethodComposite variables: &#10;##                $method.name - Method Name &#10;##                $method.signature - Full method signature in String form &#10;##                $method.reflectionCode - list of strings representing commented out reflection code to access method (Private Methods) &#10;##                $method.paramNames - List of Strings representing the method's parameters' names &#10;##                $method.paramClasses - List of Strings representing the method's parameters' classes &#10;## &#10;## You can configure the output class name using &quot;testClass&quot; variable below. &#10;## Here are some examples: &#10;## Test${entry.ClassName} - will produce TestSomeClass &#10;## ${entry.className}Test - will produce SomeClassTest &#10;## &#10;######################################################################################## &#10;## &#10;#macro (cap $strIn)$strIn.valueOf($strIn.charAt(0)).toUpperCase()$strIn.substring(1)#end &#10;## Iterate through the list and generate testcase for every entry. &#10;#foreach ($entry in $entryList) &#10;#set( $testClass=&quot;${entry.className}Test&quot;) &#10;## &#10;package test.$entry.packageName; &#10;&#10;import junit.framework.Test; &#10;import junit.framework.TestSuite; &#10;import junit.framework.TestCase; &#10;&#10;/** &#10;* ${entry.className} Tester. &#10;* &#10;* @author &lt;Authors name&gt; &#10;* @since &lt;pre&gt;$today&lt;/pre&gt; &#10;* @version 1.0 &#10;*/ &#10;public class $testClass extends TestCase { &#10;public $testClass(String name) { &#10;super(name); &#10;} &#10;&#10;public void setUp() throws Exception { &#10;super.setUp(); &#10;} &#10;&#10;public void tearDown() throws Exception { &#10;super.tearDown(); &#10;} &#10;&#10;#foreach($method in $entry.methodList) &#10;/** &#10;* &#10;* Method: $method.signature &#10;* &#10;*/ &#10;public void test#cap(${method.name})() throws Exception { &#10;//TODO: Test goes here... &#10;} &#10;&#10;#end &#10;&#10;#foreach($method in $entry.privateMethodList) &#10;/** &#10;* &#10;* Method: $method.signature &#10;* &#10;*/ &#10;public void test#cap(${method.name})() throws Exception { &#10;//TODO: Test goes here... &#10;#foreach($string in $method.reflectionCode) &#10;$string &#10;#end &#10;} &#10;&#10;#end &#10;&#10;public static Test suite() { &#10;return new TestSuite(${testClass}.class); &#10;} &#10;} &#10;#end" />
            <entry key="JUnit 4" value="######################################################################################## &#10;## &#10;## Available variables: &#10;##         $entryList.methodList - List of method composites &#10;##         $entryList.privateMethodList - List of private method composites &#10;##         $entryList.fieldList - ArrayList of class scope field names &#10;##         $entryList.className - class name &#10;##         $entryList.packageName - package name &#10;##         $today - Todays date in MM/dd/yyyy format &#10;## &#10;##            MethodComposite variables: &#10;##                $method.name - Method Name &#10;##                $method.signature - Full method signature in String form &#10;##                $method.reflectionCode - list of strings representing commented out reflection code to access method (Private Methods) &#10;##                $method.paramNames - List of Strings representing the method's parameters' names &#10;##                $method.paramClasses - List of Strings representing the method's parameters' classes &#10;## &#10;## You can configure the output class name using &quot;testClass&quot; variable below. &#10;## Here are some examples: &#10;## Test${entry.ClassName} - will produce TestSomeClass &#10;## ${entry.className}Test - will produce SomeClassTest &#10;## &#10;######################################################################################## &#10;## &#10;#macro (cap $strIn)$strIn.valueOf($strIn.charAt(0)).toUpperCase()$strIn.substring(1)#end &#10;## Iterate through the list and generate testcase for every entry. &#10;#foreach ($entry in $entryList) &#10;#set( $testClass=&quot;${entry.className}Test&quot;) &#10;## &#10;package $entry.packageName; &#10;&#10;import org.junit.Test; &#10;import org.junit.Before; &#10;import org.junit.After; &#10;&#10;/** &#10;* ${entry.className} Tester. &#10;* &#10;* @author &lt;Authors name&gt; &#10;* @since &lt;pre&gt;$date&lt;/pre&gt; &#10;* @version 1.0 &#10;*/ &#10;public class $testClass { &#10;&#10;@Before&#10;public void before() throws Exception { &#10;} &#10;&#10;@After&#10;public void after() throws Exception { &#10;} &#10;&#10;#foreach($method in $entry.methodList) &#10;/** &#10;* &#10;* Method: $method.signature &#10;* &#10;*/ &#10;@Test&#10;public void test#cap(${method.name})() throws Exception { &#10;//TODO: Test goes here... &#10;} &#10;&#10;#end &#10;&#10;#foreach($method in $entry.privateMethodList) &#10;/** &#10;* &#10;* Method: $method.signature &#10;* &#10;*/ &#10;@Test&#10;public void test#cap(${method.name})() throws Exception { &#10;//TODO: Test goes here... &#10;#foreach($string in $method.reflectionCode) &#10;$string &#10;#end &#10;} &#10;&#10;#end &#10;} &#10;#end" />
          </map>
        </option>
      </component>
      <component name="JsFlowSettings">
        <service-enabled>true</service-enabled>
        <exe-path />
        <other-services-enabled>true</other-services-enabled>
        <auto-save>true</auto-save>
      </component>
      <component name="MavenImportPreferences">
        <option name="generalSettings">
          <MavenGeneralSettings>
            <option name="localRepository" value="F:\maven\repository" />
            <option name="mavenHome" value="E:\Intellij idea\IntelliJ IDEA 2020.2.4\plugins\maven\lib\maven3" />
            <option name="userSettingsFile" value="F:\maven\apache-maven-3.6.3\conf\settings.xml" />
          </MavenGeneralSettings>
        </option>
      </component>
      <component name="MavenRunner">
        <option name="delegateBuildToMaven" value="true" />
        <option name="jreName" value="11" />
        <option name="skipTests" value="true" />
        <option name="vmOptions" value="-DarchetypeCatalog=internal -Dfile.encoding=GB2312" />
      </component>
      <component name="ProjectInspectionProfilesVisibleTreeState">
        <entry key="Project Default">
          <profile-state>
            <expanded-state>
              <State />
              <State>
                <id>Abstraction issuesJava</id>
              </State>
              <State>
                <id>AccessibilityHTML</id>
              </State>
              <State>
                <id>AccessibilityLintAndroid</id>
              </State>
              <State>
                <id>Android</id>
              </State>
              <State>
                <id>Assignment issuesGroovy</id>
              </State>
              <State>
                <id>Assignment issuesJava</id>
              </State>
              <State>
                <id>Assignment issuesJavaScript</id>
              </State>
              <State>
                <id>Bitwise operation issuesJava</id>
              </State>
              <State>
                <id>Bitwise operation issuesJavaScript</id>
              </State>
              <State>
                <id>CDI (Contexts and Dependency Injection)</id>
              </State>
              <State>
                <id>CSS</id>
              </State>
              <State>
                <id>Class structureJava</id>
              </State>
              <State>
                <id>Code maturityJava</id>
              </State>
              <State>
                <id>Code quality toolsJavaScript</id>
              </State>
              <State>
                <id>Code style issuesJava</id>
              </State>
              <State>
                <id>CodeSpring CoreSpring</id>
              </State>
              <State>
                <id>CoffeeScript</id>
              </State>
              <State>
                <id>Control flow issuesGroovy</id>
              </State>
              <State>
                <id>Control flow issuesJava</id>
              </State>
              <State>
                <id>Control flow issuesJavaScript</id>
              </State>
              <State>
                <id>CorrectnessLintAndroid</id>
              </State>
              <State>
                <id>DOM issuesJavaScript</id>
              </State>
              <State>
                <id>Declaration redundancyJava</id>
              </State>
              <State>
                <id>ECMAScript 6 migration aidsJavaScript</id>
              </State>
              <State>
                <id>EditorConfig</id>
              </State>
              <State>
                <id>Error handlingJavaScript</id>
              </State>
              <State>
                <id>FreeMarker</id>
              </State>
              <State>
                <id>GPathGroovy</id>
              </State>
              <State>
                <id>General</id>
              </State>
              <State>
                <id>GeneralJava</id>
              </State>
              <State>
                <id>GeneralJavaScript</id>
              </State>
              <State>
                <id>Google App Engine</id>
              </State>
              <State>
                <id>Groovy</id>
              </State>
              <State>
                <id>Guice</id>
              </State>
              <State>
                <id>HTML</id>
              </State>
              <State>
                <id>IconsUsabilityLintAndroid</id>
              </State>
              <State>
                <id>InitializationJava</id>
              </State>
              <State>
                <id>InternationalizationJava</id>
              </State>
              <State>
                <id>InternationalizationLintAndroid</id>
              </State>
              <State>
                <id>J2ME issuesJava</id>
              </State>
              <State>
                <id>JUnitJava</id>
              </State>
              <State>
                <id>JVM languages</id>
              </State>
              <State>
                <id>Java</id>
              </State>
              <State>
                <id>Java 5Java language level migration aidsJava</id>
              </State>
              <State>
                <id>Java 8Java language level migration aidsJava</id>
              </State>
              <State>
                <id>Java interop issuesKotlin</id>
              </State>
              <State>
                <id>Java language level issuesJava</id>
              </State>
              <State>
                <id>Java language level migration aidsJava</id>
              </State>
              <State>
                <id>JavaScript</id>
              </State>
              <State>
                <id>JavadocJava</id>
              </State>
              <State>
                <id>Kotlin</id>
              </State>
              <State>
                <id>LintAndroid</id>
              </State>
              <State>
                <id>LintLintAndroid</id>
              </State>
              <State>
                <id>LoggingJava</id>
              </State>
              <State>
                <id>MemoryJava</id>
              </State>
              <State>
                <id>MessagesCorrectnessLintAndroid</id>
              </State>
              <State>
                <id>Naming conventionsGroovy</id>
              </State>
              <State>
                <id>Naming conventionsJava</id>
              </State>
              <State>
                <id>Naming conventionsJavaScript</id>
              </State>
              <State>
                <id>Naming conventionsKotlin</id>
              </State>
              <State>
                <id>Node.jsJavaScript</id>
              </State>
              <State>
                <id>Numeric issuesJava</id>
              </State>
              <State>
                <id>Other problemsKotlin</id>
              </State>
              <State>
                <id>PerformanceJava</id>
              </State>
              <State>
                <id>PerformanceLintAndroid</id>
              </State>
              <State>
                <id>PortabilityJava</id>
              </State>
              <State>
                <id>Potentially confusing code constructsGroovy</id>
              </State>
              <State>
                <id>Potentially confusing code constructsJavaScript</id>
              </State>
              <State>
                <id>Probable bugsCSS</id>
              </State>
              <State>
                <id>Probable bugsCoffeeScript</id>
              </State>
              <State>
                <id>Probable bugsGroovy</id>
              </State>
              <State>
                <id>Probable bugsJava</id>
              </State>
              <State>
                <id>Probable bugsJavaScript</id>
              </State>
              <State>
                <id>Probable bugsKotlin</id>
              </State>
              <State>
                <id>Properties Files</id>
              </State>
              <State>
                <id>RELAX NG</id>
              </State>
              <State>
                <id>Redundant constructsKotlin</id>
              </State>
              <State>
                <id>Reflective accessJava</id>
              </State>
              <State>
                <id>RegExp</id>
              </State>
              <State>
                <id>SQL</id>
              </State>
              <State>
                <id>SecurityJava</id>
              </State>
              <State>
                <id>SecurityLintAndroid</id>
              </State>
              <State>
                <id>Spring</id>
              </State>
              <State>
                <id>Spring CoreSpring</id>
              </State>
              <State>
                <id>Struts</id>
              </State>
              <State>
                <id>Struts 1Struts</id>
              </State>
              <State>
                <id>Struts 2Struts</id>
              </State>
              <State>
                <id>Style issuesKotlin</id>
              </State>
              <State>
                <id>StyleGroovy</id>
              </State>
              <State>
                <id>Threading issuesJava</id>
              </State>
              <State>
                <id>UI Form</id>
              </State>
              <State>
                <id>UsabilityLintAndroid</id>
              </State>
              <State>
                <id>Velocity</id>
              </State>
              <State>
                <id>Verbose or redundant code constructsJava</id>
              </State>
              <State>
                <id>VisibilityJava</id>
              </State>
              <State>
                <id>WebSocket</id>
              </State>
              <State>
                <id>XPath</id>
              </State>
              <State>
                <id>XSLT</id>
              </State>
            </expanded-state>
            <selected-state>
              <State>
                <id>Android</id>
              </State>
            </selected-state>
          </profile-state>
        </entry>
      </component>
      <component name="ProjectRootManager" version="2" languageLevel="JDK_11" project-jdk-name="11" project-jdk-type="JavaSDK" />
      <component name="ProjectViewState">
        <option name="hideEmptyMiddlePackages" value="true" />
        <option name="showLibraryContents" value="true" />
      </component>
      <component name="PropertiesComponent">
        <property name="nodejs_interpreter_path.stuck_in_default_project" value="undefined stuck path" />
        <property name="nodejs_npm_path_reset_for_default_project" value="true" />
        <property name="project.structure.last.edited" value="SDKs" />
        <property name="project.structure.proportion" value="0.15" />
        <property name="project.structure.side.proportion" value="0.2" />
        <property name="settings.editor.selected.configurable" value="reference.settings.project.maven.runner" />
      </component>
      <component name="RunManager">
        <configuration default="true" type="#com.intellij.j2ee.web.tomcat.TomcatRunConfigurationFactory" factoryName="Local" ALTERNATIVE_JRE_ENABLED="false">
          <deployment />
          <server-settings>
            <option name="BASE_DIRECTORY_NAME" value="_Default_(Template)_Project" />
          </server-settings>
          <predefined_log_file enabled="true" id="Tomcat" />
          <predefined_log_file enabled="true" id="Tomcat Catalina" />
          <predefined_log_file id="Tomcat Manager" />
          <predefined_log_file id="Tomcat Host Manager" />
          <predefined_log_file id="Tomcat Localhost Access" />
          <RunnerSettings RunnerId="Debug">
            <option name="DEBUG_PORT" value="11227" />
          </RunnerSettings>
          <RunnerSettings RunnerId="JRebel Debug">
            <option name="DEBUG_PORT" value="11228" />
          </RunnerSettings>
          <ConfigurationWrapper VM_VAR="JAVA_OPTS" RunnerId="Cover">
            <option name="USE_ENV_VARIABLES" value="true" />
            <STARTUP>
              <option name="USE_DEFAULT" value="true" />
              <option name="SCRIPT" value="" />
              <option name="VM_PARAMETERS" value="" />
              <option name="PROGRAM_PARAMETERS" value="" />
            </STARTUP>
            <SHUTDOWN>
              <option name="USE_DEFAULT" value="true" />
              <option name="SCRIPT" value="" />
              <option name="VM_PARAMETERS" value="" />
              <option name="PROGRAM_PARAMETERS" value="" />
            </SHUTDOWN>
          </ConfigurationWrapper>
          <ConfigurationWrapper VM_VAR="JAVA_OPTS" RunnerId="Debug">
            <option name="USE_ENV_VARIABLES" value="true" />
            <STARTUP>
              <option name="USE_DEFAULT" value="true" />
              <option name="SCRIPT" value="" />
              <option name="VM_PARAMETERS" value="" />
              <option name="PROGRAM_PARAMETERS" value="" />
            </STARTUP>
            <SHUTDOWN>
              <option name="USE_DEFAULT" value="true" />
              <option name="SCRIPT" value="" />
              <option name="VM_PARAMETERS" value="" />
              <option name="PROGRAM_PARAMETERS" value="" />
            </SHUTDOWN>
          </ConfigurationWrapper>
          <ConfigurationWrapper VM_VAR="JAVA_OPTS" RunnerId="JRebel Debug">
            <option name="USE_ENV_VARIABLES" value="true" />
            <STARTUP>
              <option name="USE_DEFAULT" value="true" />
              <option name="SCRIPT" value="" />
              <option name="VM_PARAMETERS" value="" />
              <option name="PROGRAM_PARAMETERS" value="" />
            </STARTUP>
            <SHUTDOWN>
              <option name="USE_DEFAULT" value="true" />
              <option name="SCRIPT" value="" />
              <option name="VM_PARAMETERS" value="" />
              <option name="PROGRAM_PARAMETERS" value="" />
            </SHUTDOWN>
          </ConfigurationWrapper>
          <ConfigurationWrapper VM_VAR="JAVA_OPTS" RunnerId="JRebel Executor">
            <option name="USE_ENV_VARIABLES" value="true" />
            <STARTUP>
              <option name="USE_DEFAULT" value="true" />
              <option name="SCRIPT" value="" />
              <option name="VM_PARAMETERS" value="" />
              <option name="PROGRAM_PARAMETERS" value="" />
            </STARTUP>
            <SHUTDOWN>
              <option name="USE_DEFAULT" value="true" />
              <option name="SCRIPT" value="" />
              <option name="VM_PARAMETERS" value="" />
              <option name="PROGRAM_PARAMETERS" value="" />
            </SHUTDOWN>
          </ConfigurationWrapper>
          <ConfigurationWrapper VM_VAR="JAVA_OPTS" RunnerId="Run">
            <option name="USE_ENV_VARIABLES" value="true" />
            <STARTUP>
              <option name="USE_DEFAULT" value="true" />
              <option name="SCRIPT" value="" />
              <option name="VM_PARAMETERS" value="" />
              <option name="PROGRAM_PARAMETERS" value="" />
            </STARTUP>
            <SHUTDOWN>
              <option name="USE_DEFAULT" value="true" />
              <option name="SCRIPT" value="" />
              <option name="VM_PARAMETERS" value="" />
              <option name="PROGRAM_PARAMETERS" value="" />
            </SHUTDOWN>
          </ConfigurationWrapper>
          <method v="2">
            <option name="Make" enabled="true" />
          </method>
        </configuration>
      </component>
      <component name="SvnConfiguration">
        <configuration />
      </component>
      <component name="masterDetails">
        <states>
          <state key="ArquillianSettingsConfigurable.UI">
            <settings>
              <splitter-proportions>
                <option name="proportions">
                  <list>
                    <option value="0.2" />
                  </list>
                </option>
              </splitter-proportions>
            </settings>
          </state>
          <state key="GlobalLibrariesConfigurable.UI">
            <settings>
              <splitter-proportions>
                <option name="proportions">
                  <list>
                    <option value="0.2" />
                  </list>
                </option>
              </splitter-proportions>
            </settings>
          </state>
          <state key="JdkListConfigurable.UI">
            <settings>
              <last-edited>11</last-edited>
              <splitter-proportions>
                <option name="proportions">
                  <list>
                    <option value="0.2" />
                  </list>
                </option>
              </splitter-proportions>
            </settings>
          </state>
          <state key="ProjectJDKs.UI">
            <settings>
              <last-edited>1.8</last-edited>
              <splitter-proportions>
                <option name="proportions">
                  <list>
                    <option value="0.2" />
                  </list>
                </option>
              </splitter-proportions>
            </settings>
          </state>
          <state key="ProjectLibrariesConfigurable.UI">
            <settings>
              <splitter-proportions>
                <option name="proportions">
                  <list>
                    <option value="0.2" />
                  </list>
                </option>
              </splitter-proportions>
            </settings>
          </state>
          <state key="ScopeChooserConfigurable.UI">
            <settings>
              <splitter-proportions>
                <option name="proportions">
                  <list>
                    <option value="0.2" />
                  </list>
                </option>
              </splitter-proportions>
            </settings>
          </state>
        </states>
      </component>
    </defaultProject>
  </component>
</application>